Link Number,Link
1,/search?q=site:youtube.com+openinapp&num=100&gbv=1&sei=z5OnZISOEJeTxc8P3MaIgAc
2,
3,https://support.google.com/websearch/answer/181196?hl=en-IN
4,
5,https://www.google.com/webhp?hl=en&sa=X&ved=0ahUKEwjEsZW54Pv_AhWXSfEDHVwjAnAQPAgI
6,#
7,https://www.google.co.in/intl/en/about/products?tab=wh
8,https://accounts.google.com/ServiceLogin?hl=en&passive=true&continue=https://www.google.com/search%3Fq%3Dsite%253Ayoutube.com%2Bopeninapp%26num%3D100%26ei%3DyJOnZPHfC46Pxc8Pw9W3-A0&ec=GAZAAQ
9,/search?num=100&q=Openinapp+review&uds=ixyACjgKBlJldmlldxIac2l0ZTp5b3V0dWJlLmNvbSBvcGVuaW5hcHAwAXIQT3BlbmluYXBwIHJldmlldwM&sa=X&ved=2ahUKEwjEsZW54Pv_AhWXSfEDHVwjAnAQxKsJegQIDxAB&ictx=0
10,/search?num=100&q=Openinapp+com+dashboard&uds=G0MAQIyUbsp7hEr_dBOJiipEWTSp2IS327-Hl8aTYxywX8swDLjodV48om5cMitDQZh1lw2j-t-vMMbGE8LVjMGRSNEdAg&sa=X&ved=2ahUKEwjEsZW54Pv_AhWXSfEDHVwjAnAQxKsJegQIDhAB&ictx=0
11,/search?num=100&q=Openinapp+alternative&uds=G0MAQIzTDTf8bUYyQqXb8i4tC6MA4zCQgAeDSb0sK-TyYAMO2AMMcKMFRzovHlE2NpzlYnlVDZPvb8zazuLOmwMEpbWHAQ&sa=X&ved=2ahUKEwjEsZW54Pv_AhWXSfEDHVwjAnAQxKsJegQIDRAB&ictx=0
12,/search?num=100&q=OpeninApp+YouTube&uds=ix2ACjoKB1lvdVR1YmUSGnNpdGU6eW91dHViZS5jb20gb3BlbmluYXBwMAFyEU9wZW5pbkFwcCBZb3VUdWJlAw&sa=X&ved=2ahUKEwjEsZW54Pv_AhWXSfEDHVwjAnAQxKsJegQIDBAB&ictx=0
13,/search?num=100&q=Openinapp+LinkedIn&uds=Gz0AQBSh0i13e_s9Pj4FGLdAooCDILm_tQXBRA7YmyfQDsbPi0eUjYxq1k2vTA14SO3nC8zXTnLjYJFVrk-WBg&sa=X&ved=2ahUKEwjEsZW54Pv_AhWXSfEDHVwjAnAQxKsJegUImgEQAQ&ictx=0
14,/search?num=100&q=Openinapp+earning&uds=ix2ACjoKB0Vhcm5pbmcSGnNpdGU6eW91dHViZS5jb20gb3BlbmluYXBwMAFyEU9wZW5pbmFwcCBlYXJuaW5nAw&sa=X&ved=2ahUKEwjEsZW54Pv_AhWXSfEDHVwjAnAQxKsJegUIlwEQAQ&ictx=0
15,/search?num=100&q=Openinapp+APK&uds=ixmACjIKA0FQSxIac2l0ZTp5b3V0dWJlLmNvbSBvcGVuaW5hcHAwAXINT3BlbmluYXBwIEFQSwM&sa=X&ved=2ahUKEwjEsZW54Pv_AhWXSfEDHVwjAnAQxKsJegUImAEQAQ&ictx=0
16,/search?num=100&q=site:youtube.com+openinapp&tbm=isch&sa=X&ved=2ahUKEwjEsZW54Pv_AhWXSfEDHVwjAnAQ0pQJegUIlgEQAQ
17,/search?num=100&q=Openinapp+glassdoor&uds=Gz8AQBSh0tVtPP5Rm8kQzQar0ZAPgkXY-TEIDjlg_3bQ5hEEAOXFI8pGZvVkCM-rERvwVKj94xVmbJ4QRs0aeV5STwQ&sa=X&ved=2ahUKEwjEsZW54Pv_AhWXSfEDHVwjAnAQxKsJegUImQEQAQ&ictx=0
18,/search?q=site:youtube.com+openinapp&num=100&source=lnms&tbm=isch&sa=X&ved=2ahUKEwjEsZW54Pv_AhWXSfEDHVwjAnAQ0pQJKAB6BAgBEAM
19,https://maps.google.com/maps?q=site:youtube.com+openinapp&num=100&um=1&ie=UTF-8&sa=X&ved=2ahUKEwjEsZW54Pv_AhWXSfEDHVwjAnAQ0pQJKAF6BAgBEAQ
20,/search?q=site:youtube.com+openinapp&num=100&source=lnms&tbm=shop&sa=X&ved=2ahUKEwjEsZW54Pv_AhWXSfEDHVwjAnAQ0pQJKAJ6BAgBEAU
21,/search?q=site:youtube.com+openinapp&num=100&source=lnms&tbm=vid&sa=X&ved=2ahUKEwjEsZW54Pv_AhWXSfEDHVwjAnAQ0pQJKAN6BAgBEAY
22,/search?q=site:youtube.com+openinapp&num=100&source=lnms&tbm=nws&sa=X&ved=2ahUKEwjEsZW54Pv_AhWXSfEDHVwjAnAQ0pQJKAR6BAgBEAc
23,/search?q=site:youtube.com+openinapp&num=100&source=lnms&tbm=bks&sa=X&ved=2ahUKEwjEsZW54Pv_AhWXSfEDHVwjAnAQ0pQJKAV6BAgBEAg
24,https://www.google.com/travel/flights?q=site:youtube.com+openinapp&num=100&source=lnms&tbm=flm&sa=X&ved=2ahUKEwjEsZW54Pv_AhWXSfEDHVwjAnAQ0pQJKAZ6BAgBEAk
25,https://www.google.com/finance?sa=X&ved=2ahUKEwjEsZW54Pv_AhWXSfEDHVwjAnAQ0pQJKAd6BAgBEAo
26,/search?q=site:youtube.com+openinapp&num=100&source=lnt&tbm=vid&tbs=dur:s&sa=X&ved=2ahUKEwjEsZW54Pv_AhWXSfEDHVwjAnAQpwV6BAgCEAc
27,/search?q=site:youtube.com+openinapp&num=100&source=lnt&tbm=vid&tbs=dur:m&sa=X&ved=2ahUKEwjEsZW54Pv_AhWXSfEDHVwjAnAQpwV6BAgCEAg
28,/search?q=site:youtube.com+openinapp&num=100&source=lnt&tbm=vid&tbs=dur:l&sa=X&ved=2ahUKEwjEsZW54Pv_AhWXSfEDHVwjAnAQpwV6BAgCEAk
29,/search?q=site:youtube.com+openinapp&num=100&source=lnt&tbs=qdr:h&sa=X&ved=2ahUKEwjEsZW54Pv_AhWXSfEDHVwjAnAQpwV6BAgCEA4
30,/search?q=site:youtube.com+openinapp&num=100&source=lnt&tbs=qdr:d&sa=X&ved=2ahUKEwjEsZW54Pv_AhWXSfEDHVwjAnAQpwV6BAgCEA8
31,/search?q=site:youtube.com+openinapp&num=100&source=lnt&tbs=qdr:w&sa=X&ved=2ahUKEwjEsZW54Pv_AhWXSfEDHVwjAnAQpwV6BAgCEBA
32,/search?q=site:youtube.com+openinapp&num=100&source=lnt&tbs=qdr:m&sa=X&ved=2ahUKEwjEsZW54Pv_AhWXSfEDHVwjAnAQpwV6BAgCEBE
33,/search?q=site:youtube.com+openinapp&num=100&source=lnt&tbs=qdr:y&sa=X&ved=2ahUKEwjEsZW54Pv_AhWXSfEDHVwjAnAQpwV6BAgCEBI
34,/search?q=site:youtube.com+openinapp&num=100&source=lnt&tbs=li:1&sa=X&ved=2ahUKEwjEsZW54Pv_AhWXSfEDHVwjAnAQpwV6BAgCEBk
35,/preferences?hl=en&prev=https://www.google.com/search?q%3Dsite:youtube.com%2Bopeninapp%26num%3D100%26ei%3DyJOnZPHfC46Pxc8Pw9W3-A0
36,/history/optout?hl=en
37,/history/privacyadvisor/search/unauth?utm_source=googlemenu
38,/safesearch?prev=https://www.google.com/search?q%3Dsite:youtube.com%2Bopeninapp%26num%3D100%26ei%3DyJOnZPHfC46Pxc8Pw9W3-A0&sa=X&ved=2ahUKEwjEsZW54Pv_AhWXSfEDHVwjAnAQ8JsIegQIAxAJ
39,/preferences?hl=en&prev=https://www.google.com/search?q%3Dsite:youtube.com%2Bopeninapp%26num%3D100%26ei%3DyJOnZPHfC46Pxc8Pw9W3-A0#languages
40,/advanced_search?q=site:youtube.com+openinapp&num=100&hl=en
41,https://support.google.com/websearch/?p=dsrp_search_hc&hl=en-IN
42,https://www.youtube.com/c/OpeninApp
43,https://www.youtube.com/channel/UCIGDcUqL2kKMdJCpIr_dfxg
44,https://www.youtube.com/c/OpeninApp/featured
45,https://www.youtube.com/watch?v=J_A5UE2_6Zs
46,"#fpstate=ive&vld=cid:ff16e330,vid:J_A5UE2_6Zs"
47,https://www.youtube.com/watch?v=J_A5UE2_6Zs
48,https://www.youtube.com/hashtag/openinapp
49,https://www.youtube.com/watch?v=-CV9Yf1xPcc
50,"#fpstate=ive&vld=cid:343ce21c,vid:-CV9Yf1xPcc"
51,https://www.youtube.com/watch?v=-CV9Yf1xPcc
52,https://www.youtube.com/watch?v=Fk4E7l18RRo
53,"#fpstate=ive&vld=cid:b6e0c9af,vid:Fk4E7l18RRo"
54,https://www.youtube.com/watch?v=Fk4E7l18RRo&t=0
55,https://www.youtube.com/watch?v=Fk4E7l18RRo&t=15
56,https://www.youtube.com/watch?v=Fk4E7l18RRo&t=26
57,https://www.youtube.com/watch?v=Fk4E7l18RRo&t=48
58,https://www.youtube.com/watch?v=Fk4E7l18RRo&t=56
59,https://www.youtube.com/watch?v=Fk4E7l18RRo&t=71
60,https://www.youtube.com/watch?v=Fk4E7l18RRo&t=92
61,https://www.youtube.com/watch?v=Fk4E7l18RRo&t=113
62,https://www.youtube.com/watch?v=Fk4E7l18RRo&t=125
63,https://www.youtube.com/watch?v=Fk4E7l18RRo&t=205
64,https://www.youtube.com/watch?v=Fk4E7l18RRo&t=237
65,https://www.youtube.com/watch?v=Fk4E7l18RRo
66,https://www.youtube.com/watch?v=Fk4E7l18RRo&t=0
67,https://www.youtube.com/watch?v=Fk4E7l18RRo&t=15
68,https://www.youtube.com/watch?v=Fk4E7l18RRo&t=26
69,https://www.youtube.com/watch?v=Fk4E7l18RRo&t=48
70,https://www.youtube.com/watch?v=Fk4E7l18RRo&t=56
71,https://www.youtube.com/watch?v=Fk4E7l18RRo&t=71
72,https://www.youtube.com/watch?v=Fk4E7l18RRo&t=92
73,https://www.youtube.com/watch?v=Fk4E7l18RRo&t=113
74,https://www.youtube.com/watch?v=Fk4E7l18RRo&t=125
75,https://www.youtube.com/watch?v=Fk4E7l18RRo&t=205
76,https://www.youtube.com/watch?v=Fk4E7l18RRo&t=237
77,https://www.youtube.com/watch?v=8_kYd5rbxn8
78,"#fpstate=ive&vld=cid:aebfd9e3,vid:8_kYd5rbxn8"
79,https://www.youtube.com/watch?v=8_kYd5rbxn8
80,https://www.youtube.com/watch?v=uS_pWHX-cKM
81,"#fpstate=ive&vld=cid:344674e6,vid:uS_pWHX-cKM"
82,https://www.youtube.com/watch?v=uS_pWHX-cKM
83,https://www.youtube.com/watch?v=vOo-VyPIiW0
84,"#fpstate=ive&vld=cid:13b5c467,vid:vOo-VyPIiW0"
85,https://www.youtube.com/watch?v=vOo-VyPIiW0
86,https://www.youtube.com/watch?v=IITh35IbCSs
87,"#fpstate=ive&vld=cid:8acd267b,vid:IITh35IbCSs"
88,https://www.youtube.com/watch?v=IITh35IbCSs
89,https://www.youtube.com/watch?v=O6lup3SN4Bw
90,"#fpstate=ive&vld=cid:7dd64098,vid:O6lup3SN4Bw"
91,https://www.youtube.com/watch?v=O6lup3SN4Bw
92,https://www.youtube.com/watch?v=s0eUGZVDdxU
93,"#fpstate=ive&vld=cid:324fb6c4,vid:s0eUGZVDdxU"
94,https://www.youtube.com/watch?v=s0eUGZVDdxU
95,https://www.youtube.com/watch?v=0kxVoBdVMdU
96,"#fpstate=ive&vld=cid:15e5ee1d,vid:0kxVoBdVMdU"
97,https://www.youtube.com/watch?v=0kxVoBdVMdU
98,https://www.youtube.com/watch?v=KtI3wEWX1lU
99,"#fpstate=ive&vld=cid:f7c9af78,vid:KtI3wEWX1lU"
100,https://www.youtube.com/watch?v=KtI3wEWX1lU
101,https://www.youtube.com/watch?v=pS-3W8KHj4k
102,"#fpstate=ive&vld=cid:be873fed,vid:pS-3W8KHj4k"
103,https://www.youtube.com/watch?v=pS-3W8KHj4k
104,https://www.youtube.com/playlist?list=PL28RKB-PBjJQTy2rhAMQMOWtlOVODZFP2
105,https://www.youtube.com/watch?v=SuCFB7VGNMo
106,"#fpstate=ive&vld=cid:a3508abd,vid:SuCFB7VGNMo"
107,https://www.youtube.com/watch?v=SuCFB7VGNMo
108,https://www.youtube.com/watch?v=dd02GPhhNhQ
109,"#fpstate=ive&vld=cid:7cfc5e95,vid:dd02GPhhNhQ"
110,https://www.youtube.com/watch?v=dd02GPhhNhQ
111,https://www.youtube.com/watch?v=zJsAECXaPYU
112,"#fpstate=ive&vld=cid:8212c73a,vid:zJsAECXaPYU"
113,https://www.youtube.com/watch?v=zJsAECXaPYU
114,https://www.youtube.com/watch?v=QSAV0HesmTQ
115,"#fpstate=ive&vld=cid:bf1ce566,vid:QSAV0HesmTQ"
116,https://www.youtube.com/watch?v=QSAV0HesmTQ
117,https://www.youtube.com/watch?v=bfs2y2y7hh0
118,"#fpstate=ive&vld=cid:b95ada37,vid:bfs2y2y7hh0"
119,https://www.youtube.com/watch?v=bfs2y2y7hh0
120,https://www.youtube.com/watch?v=x6nrchdG_5k
121,"#fpstate=ive&vld=cid:a2cf94c5,vid:x6nrchdG_5k"
122,https://www.youtube.com/watch?v=x6nrchdG_5k
123,https://www.youtube.com/watch?v=WL5fnEe3UE0
124,"#fpstate=ive&vld=cid:d808a582,vid:WL5fnEe3UE0"
125,https://www.youtube.com/watch?v=WL5fnEe3UE0
126,https://www.youtube.com/watch?v=Z8ofLza36EU
127,"#fpstate=ive&vld=cid:fe653d70,vid:Z8ofLza36EU"
128,https://www.youtube.com/watch?v=Z8ofLza36EU
129,https://www.youtube.com/post/UgkxT5r4wURRbSMz9SXWb-4Si1oP4ubHZeeR
130,https://www.youtube.com/watch?v=_vok3EqklOU
131,"#fpstate=ive&vld=cid:30d4133b,vid:_vok3EqklOU"
132,https://www.youtube.com/watch?v=_vok3EqklOU
133,https://www.youtube.com/post/UgkxkNMzcb3UCWm4sfl1TtmpUE9eRv_qGnSj
134,https://www.youtube.com/watch?v=sKyf48XBf2U
135,"#fpstate=ive&vld=cid:f61fc817,vid:sKyf48XBf2U"
136,https://www.youtube.com/watch?v=sKyf48XBf2U
137,https://www.youtube.com/post/Ugkxe2GrB63zOanTOsRv6n75Q6wJdNSXnqAi
138,https://www.youtube.com/watch?v=wh5G03w0KS0
139,"#fpstate=ive&vld=cid:b64bdc3a,vid:wh5G03w0KS0"
140,https://www.youtube.com/watch?v=wh5G03w0KS0
141,https://www.youtube.com/watch?v=Xqs9dE3Rfxw
142,"#fpstate=ive&vld=cid:ceb42912,vid:Xqs9dE3Rfxw"
143,https://www.youtube.com/watch?v=Xqs9dE3Rfxw
144,https://www.youtube.com/watch?v=2sy1JxlHAG4
145,"#fpstate=ive&vld=cid:f59ac805,vid:2sy1JxlHAG4"
146,https://www.youtube.com/watch?v=2sy1JxlHAG4
147,https://www.youtube.com/watch?v=_vIwnQ0hmcU
148,"#fpstate=ive&vld=cid:3b23b077,vid:_vIwnQ0hmcU"
149,https://www.youtube.com/watch?v=_vIwnQ0hmcU
150,https://www.youtube.com/watch?v=1Y4yGxF5ge0
151,"#fpstate=ive&vld=cid:519a1b2a,vid:1Y4yGxF5ge0"
152,https://www.youtube.com/watch?v=1Y4yGxF5ge0
153,https://www.youtube.com/watch?v=nG7eS75E-U8
154,"#fpstate=ive&vld=cid:900b7bbc,vid:nG7eS75E-U8"
155,https://www.youtube.com/watch?v=nG7eS75E-U8
156,https://www.youtube.com/post/UgkxzL6nM2d56_PdVjzr6AybtYTvXslbasTH
157,https://www.youtube.com/watch?v=jJ6nxc7BgOU
158,"#fpstate=ive&vld=cid:64b65e6d,vid:jJ6nxc7BgOU"
159,https://www.youtube.com/watch?v=jJ6nxc7BgOU
160,https://www.youtube.com/watch?v=yx0abfdHY8Q
161,"#fpstate=ive&vld=cid:c3f88246,vid:yx0abfdHY8Q"
162,https://www.youtube.com/watch?v=yx0abfdHY8Q
163,https://www.youtube.com/watch?v=w6RxU6onyZk
164,"#fpstate=ive&vld=cid:5fefff59,vid:w6RxU6onyZk"
165,https://www.youtube.com/watch?v=w6RxU6onyZk
166,https://www.youtube.com/watch?v=OuxYGlIvong
167,"#fpstate=ive&vld=cid:1c802c68,vid:OuxYGlIvong"
168,https://www.youtube.com/watch?v=OuxYGlIvong
169,https://www.youtube.com/watch?v=rrfKkcSLRXw
170,"#fpstate=ive&vld=cid:cee6927b,vid:rrfKkcSLRXw"
171,https://www.youtube.com/watch?v=rrfKkcSLRXw
172,https://www.youtube.com/watch?v=eyB4I73PZfY
173,"#fpstate=ive&vld=cid:0f448ade,vid:eyB4I73PZfY"
174,https://www.youtube.com/watch?v=eyB4I73PZfY
175,https://www.youtube.com/watch?v=zEd9C0eRwzY
176,"#fpstate=ive&vld=cid:4fa45d60,vid:zEd9C0eRwzY"
177,https://www.youtube.com/watch?v=zEd9C0eRwzY
178,https://www.youtube.com/watch?v=y09JBZLHog4
179,"#fpstate=ive&vld=cid:d487d7fe,vid:y09JBZLHog4"
180,https://www.youtube.com/watch?v=y09JBZLHog4
181,https://www.youtube.com/shorts/LxU4KongeGg
182,https://www.youtube.com/watch?v=fni_OO5BwOI
183,"#fpstate=ive&vld=cid:63076b18,vid:fni_OO5BwOI"
184,https://www.youtube.com/watch?v=fni_OO5BwOI
185,https://www.youtube.com/watch?v=AY-_wgax05s
186,"#fpstate=ive&vld=cid:ffa3f744,vid:AY-_wgax05s"
187,https://www.youtube.com/watch?v=AY-_wgax05s
188,https://www.youtube.com/watch?v=LtVmKPm7Qsc
189,"#fpstate=ive&vld=cid:1cfc3512,vid:LtVmKPm7Qsc"
190,https://www.youtube.com/watch?v=LtVmKPm7Qsc
191,https://www.youtube.com/watch?v=NkKbKlN9Jfo
192,"#fpstate=ive&vld=cid:9f326aff,vid:NkKbKlN9Jfo"
193,https://www.youtube.com/watch?v=NkKbKlN9Jfo
194,https://www.youtube.com/watch?v=eZt60cJVGqM
195,"#fpstate=ive&vld=cid:fb8abfa1,vid:eZt60cJVGqM"
196,https://www.youtube.com/watch?v=eZt60cJVGqM
197,https://www.youtube.com/channel/UClOQrZIZQZojI3CmJ3jC2eg?app=desktop
198,https://www.youtube.com/watch?v=15Y9WYGPtLg
199,"#fpstate=ive&vld=cid:d95be651,vid:15Y9WYGPtLg"
200,https://www.youtube.com/watch?v=15Y9WYGPtLg
201,https://www.youtube.com/watch?v=Y5XrvV4a-bY
202,"#fpstate=ive&vld=cid:b1a39200,vid:Y5XrvV4a-bY"
203,https://www.youtube.com/watch?v=Y5XrvV4a-bY
204,https://www.youtube.com/watch?v=J7buJ-KOwyw
205,"#fpstate=ive&vld=cid:76b0fc14,vid:J7buJ-KOwyw"
206,https://www.youtube.com/watch?v=J7buJ-KOwyw
207,https://www.youtube.com/watch?v=NbHXQQ2cFNQ
208,"#fpstate=ive&vld=cid:40cfc94c,vid:NbHXQQ2cFNQ"
209,https://www.youtube.com/watch?v=NbHXQQ2cFNQ
210,https://www.youtube.com/watch?v=9M-hYoXOx5w
211,"#fpstate=ive&vld=cid:e5bec16c,vid:9M-hYoXOx5w"
212,https://www.youtube.com/watch?v=9M-hYoXOx5w
213,https://www.youtube.com/watch?v=PGlA4IdGQtI
214,"#fpstate=ive&vld=cid:ac7c769f,vid:PGlA4IdGQtI"
215,https://www.youtube.com/watch?v=PGlA4IdGQtI
216,https://www.youtube.com/watch?v=CFbyjoBoWTw
217,"#fpstate=ive&vld=cid:9891a6a7,vid:CFbyjoBoWTw"
218,https://www.youtube.com/watch?v=CFbyjoBoWTw
219,https://www.youtube.com/watch?v=Mi4eiO-ESG0
220,"#fpstate=ive&vld=cid:31ea5205,vid:Mi4eiO-ESG0"
221,https://www.youtube.com/watch?v=Mi4eiO-ESG0
222,https://www.youtube.com/watch?v=rL-v04cxJ9k
223,"#fpstate=ive&vld=cid:dd0671e7,vid:rL-v04cxJ9k"
224,https://www.youtube.com/watch?v=rL-v04cxJ9k
225,https://www.youtube.com/watch?v=Y0futiFT6-Y
226,"#fpstate=ive&vld=cid:99070a44,vid:Y0futiFT6-Y"
227,https://www.youtube.com/watch?v=Y0futiFT6-Y
228,https://www.youtube.com/watch?v=trahYtTbEpc
229,"#fpstate=ive&vld=cid:0213e0d2,vid:trahYtTbEpc"
230,https://www.youtube.com/watch?v=trahYtTbEpc
231,https://www.youtube.com/watch?v=oDgLYsVy1II
232,"#fpstate=ive&vld=cid:fed6b6c1,vid:oDgLYsVy1II"
233,https://www.youtube.com/watch?v=oDgLYsVy1II
234,https://www.youtube.com/watch?v=bapQQ1althQ
235,"#fpstate=ive&vld=cid:8c44d11d,vid:bapQQ1althQ"
236,https://www.youtube.com/watch?v=bapQQ1althQ
237,https://www.youtube.com/watch?v=tr5tmXA4QYc
238,"#fpstate=ive&vld=cid:5c11dd99,vid:tr5tmXA4QYc"
239,https://www.youtube.com/watch?v=tr5tmXA4QYc
240,https://www.youtube.com/watch?v=1k3rW_MMvg4
241,"#fpstate=ive&vld=cid:332f44f2,vid:1k3rW_MMvg4"
242,https://www.youtube.com/watch?v=1k3rW_MMvg4
243,https://www.youtube.com/watch?v=KfyODPBrA_A
244,"#fpstate=ive&vld=cid:98f19cc1,vid:KfyODPBrA_A"
245,https://www.youtube.com/watch?v=KfyODPBrA_A
246,https://www.youtube.com/channel/UCT2xzagsBVtStUCA2ulvKmQ/community?lc=UgzwoTgfJuEjk5xfVJB4AaABAg&lb=UgkxRr0r_-PECgQZa99yjufWKBvKcb19MEHd
247,https://www.youtube.com/watch?v=R_rx1eeOPlg
248,"#fpstate=ive&vld=cid:3dcf9bcc,vid:R_rx1eeOPlg"
249,https://www.youtube.com/watch?v=R_rx1eeOPlg
250,https://www.youtube.com/watch?v=L-ZXA4p66xo
251,"#fpstate=ive&vld=cid:86a242bc,vid:L-ZXA4p66xo"
252,https://www.youtube.com/watch?v=L-ZXA4p66xo
253,https://www.youtube.com/watch?v=G3Fu8lIE0G8
254,"#fpstate=ive&vld=cid:6b98ee09,vid:G3Fu8lIE0G8"
255,https://www.youtube.com/watch?v=G3Fu8lIE0G8
256,https://www.youtube.com/watch?v=BfM-zY_476I
257,"#fpstate=ive&vld=cid:225d63d6,vid:BfM-zY_476I"
258,https://www.youtube.com/watch?v=BfM-zY_476I
259,https://www.youtube.com/post/UgkxQmPP718esXfVF1jpPu7YQNVP7EwL54je
260,https://www.youtube.com/post/UgkxWxe0Nj-i7RSxgdD9guwk99XYHM00gA_q
261,https://www.youtube.com/watch?v=Os15eYiA6qs
262,"#fpstate=ive&vld=cid:3d434a6c,vid:Os15eYiA6qs"
263,https://www.youtube.com/watch?v=Os15eYiA6qs
264,https://www.youtube.com/watch?v=j6QfKiSTazY
265,"#fpstate=ive&vld=cid:331fece7,vid:j6QfKiSTazY"
266,https://www.youtube.com/watch?v=j6QfKiSTazY
267,https://www.youtube.com/watch?v=dFJd_F0BFD4
268,"#fpstate=ive&vld=cid:9c6c8671,vid:dFJd_F0BFD4"
269,https://www.youtube.com/watch?v=dFJd_F0BFD4
270,https://www.youtube.com/watch?v=Njo_GPYbTvY
271,"#fpstate=ive&vld=cid:11f1bf2b,vid:Njo_GPYbTvY"
272,https://www.youtube.com/watch?v=Njo_GPYbTvY
273,https://www.youtube.com/watch?v=5WX2-UIu0wQ
274,"#fpstate=ive&vld=cid:cb307d32,vid:5WX2-UIu0wQ"
275,https://www.youtube.com/watch?v=5WX2-UIu0wQ
276,https://www.youtube.com/post/Ugkx2eUb2LsSprqM8kvQxmZ_yaHxqZB-mZLL
277,https://www.youtube.com/watch?v=Ge8wWwOR8RY
278,"#fpstate=ive&vld=cid:dc587f91,vid:Ge8wWwOR8RY"
279,https://www.youtube.com/watch?v=Ge8wWwOR8RY
280,https://www.youtube.com/watch?v=8PMSGSiceYw
281,"#fpstate=ive&vld=cid:c161b1f6,vid:8PMSGSiceYw"
282,https://www.youtube.com/watch?v=8PMSGSiceYw
283,https://www.youtube.com/watch?v=cfx5PYfAm5U
284,"#fpstate=ive&vld=cid:7311845f,vid:cfx5PYfAm5U"
285,https://www.youtube.com/watch?v=cfx5PYfAm5U
286,https://www.youtube.com/c/STUDYCOMMERCE
287,https://www.youtube.com/watch?v=nYj5r0LXb-8
288,"#fpstate=ive&vld=cid:ae11696f,vid:nYj5r0LXb-8"
289,https://www.youtube.com/watch?v=nYj5r0LXb-8
290,https://www.youtube.com/watch?v=hN-2jwwF4jk
291,"#fpstate=ive&vld=cid:08e68944,vid:hN-2jwwF4jk"
292,https://www.youtube.com/watch?v=hN-2jwwF4jk
293,https://www.youtube.com/watch?v=78A1Rv10Lnk
294,"#fpstate=ive&vld=cid:9a29b948,vid:78A1Rv10Lnk"
295,https://www.youtube.com/watch?v=78A1Rv10Lnk
296,https://www.youtube.com/watch?v=Ko9V07_ikIM
297,"#fpstate=ive&vld=cid:c0d9293a,vid:Ko9V07_ikIM"
298,https://www.youtube.com/watch?v=Ko9V07_ikIM
299,https://www.youtube.com/watch?v=pPS9GAHGHsA
300,"#fpstate=ive&vld=cid:c344a51f,vid:pPS9GAHGHsA"
301,https://www.youtube.com/watch?v=pPS9GAHGHsA
302,https://www.youtube.com/watch?v=kogZOLkMcxo
303,"#fpstate=ive&vld=cid:385d461f,vid:kogZOLkMcxo"
304,https://www.youtube.com/watch?v=kogZOLkMcxo
305,https://m.youtube.com/watch?v=LtVmKPm7Qsc
306,https://www.youtube.com/watch?v=m7H0PPtfuo4
307,"#fpstate=ive&vld=cid:547b0118,vid:m7H0PPtfuo4"
308,https://www.youtube.com/watch?v=m7H0PPtfuo4
309,https://m.youtube.com/watch?v=uLCYI63DAT8
310,https://www.youtube.com/watch?v=q_JnSBf-b3I
311,"#fpstate=ive&vld=cid:69282cb0,vid:q_JnSBf-b3I"
312,https://www.youtube.com/watch?v=q_JnSBf-b3I
313,https://www.youtube.com/watch?v=LMNQ39WYjk0
314,"#fpstate=ive&vld=cid:ab794269,vid:LMNQ39WYjk0"
315,https://www.youtube.com/watch?v=LMNQ39WYjk0
316,https://www.youtube.com/watch?v=pW5to8fPhec
317,"#fpstate=ive&vld=cid:d98ad336,vid:pW5to8fPhec"
318,https://www.youtube.com/watch?v=pW5to8fPhec
319,https://www.youtube.com/watch?v=7zG7jspETQQ
320,"#fpstate=ive&vld=cid:2d254a25,vid:7zG7jspETQQ"
321,https://www.youtube.com/watch?v=7zG7jspETQQ
322,https://www.youtube.com/watch?v=zy0ih5i5tCM
323,"#fpstate=ive&vld=cid:a258edca,vid:zy0ih5i5tCM"
324,https://www.youtube.com/watch?v=zy0ih5i5tCM
325,https://www.youtube.com/watch?v=Verm7AgGFKU
326,"#fpstate=ive&vld=cid:0fd28095,vid:Verm7AgGFKU"
327,https://www.youtube.com/watch?v=Verm7AgGFKU
328,/search?q=site:youtube.com+openinapp&num=100&ei=z5OnZISOEJeTxc8P3MaIgAc&start=100&sa=N&ved=2ahUKEwjEsZW54Pv_AhWXSfEDHVwjAnAQ8tMDegQIEBAE
329,/search?q=site:youtube.com+openinapp&num=100&ei=z5OnZISOEJeTxc8P3MaIgAc&start=100&sa=N&ved=2ahUKEwjEsZW54Pv_AhWXSfEDHVwjAnAQ8NMDegQIEBAG
330,#
331,https://support.google.com/websearch/?p=ws_results_help&hl=en-IN&fg=1
332,#
333,https://policies.google.com/privacy?hl=en-IN&fg=1
334,https://policies.google.com/terms?hl=en-IN&fg=1
335,
